<?xml version="1.0" encoding="UTF-8"?>
<templates id="template" xml:space="preserve">


    <t t-name="UOMButton" owl="1">
        <div class="button-multi-uom">
            <span class="multi-uom-span">
                Modify Unit of Measure
            </span>
        </div>


    </t>

    <t t-name="MultiUomWidget" owl="1">
        <div class="modal-dialog multi-uom">
            <div class="popup popup-product-creation">
                <p class="title">Select Unit of Measure</p>
                <div>
                    <select class="uom" style="width:35%;height:30px;border-radius:5px;">
                        <t t-foreach='uom_list || []' t-as='uom' t-key="uom.id">
                            <option t-att-value='uom.id'
                                    t-att-selected="((uom.id == current_uom) ? true:undefined)" >
                            <t t-esc='uom.display_name'/>
                            </option>
                        </t>
                    </select>
                </div>
                <div class="footer">
                    <div class="button confirm" t-on-click="click_confirm">
                        Ok
                    </div>
                    <div class="button cancel" t-on-click="click_cancel">
                        Cancel
                    </div>
                </div>
            </div>
        </div>
    </t>

</templates>