<?xml version="1.0" encoding="UTF-8"?>
    <templates inherit_id="pos_restaurant.template" xml:space="preserve">
        <t t-name="OrderChangeReceipt" t-inherit="pos_restaurant.OrderChangeReceipt" t-inherit-mode="extension" owl="1">
            <xpath expr="//div[hasclass('pos-receipt')]" position="replace">
                <div class="pos-receipt">
                    <div class="pos-receipt-order-data"><t t-esc="changes.name" /></div>
                    <t t-if="changes.floor || changes.table">
                        <br />
                        <div class="pos-receipt-title">
                            <t t-esc="changes.floor" /> / <t t-esc="changes.table"/>
                        </div>
                    </t>
                    <br />
                    <br />
                    <t t-if="changes.cancelled.length > 0">
                        <div class="pos-order-receipt-cancel">
                            <div class="pos-receipt-title">
                                CANCELLED
                                <t t-esc='changes.time.hours'/>:<t t-esc='changes.time.minutes'/>
                            </div>
                            <br />
                            <br />
                            <t t-foreach="changes.cancelled" t-as="change">
                                <div class="multiprint-flex">
                                    <t t-esc="change.qty"/>
                                    <span t-esc="change.name_wrapped[0]"/>

                                </div>
                                <t t-call="NameWrapped"/>
                                <t t-if="change.note">
                                    <div>
                                        NOTE
                                        <span class="pos-receipt-right-align">...</span>
                                    </div>
                                    <div><span class="pos-receipt-left-padding">--- <t t-esc="change.note" /></span></div>
                                    <br/>
                                </t>
                            </t>
                            <br />
                            <br />
                        </div>
                    </t>
                    <t t-if="changes.new.length > 0">
                        <div class="pos-receipt-title">
                            NEW
                            <t t-esc='changes.time.hours'/>:<t t-esc='changes.time.minutes'/>
                        </div>
                        <br />
                        <br />

                        <t t-foreach="changes.new" t-as="change">
                            <div class="multiprint-flex">
                                <t t-esc="change.qty"/>
                                <span t-esc="change.current_res"/>
                                <span t-esc="change.name_wrapped[0]"/>
                            </div>
                            <t t-call="NameWrapped"/>
                            <t t-if="change.note">
                                <div>
                                    NOTE
                                    <span class="pos-receipt-right-align">...</span>
                                </div>
                                <div><span class="pos-receipt-left-padding">--- <t t-esc="change.note" /></span></div>
                                <br/>
                            </t>
                        </t>
                        <br />
                        <br />
                    </t>
                </div>
            </xpath>
        </t>
    </templates>
