<?xml version="1.0" encoding="UTF-8" ?>
<templates id="template" xml:space="preserve">
	<t t-extend="ReceiptScreen" t-inherit="point_of_sale.ReceiptScreen" t-inherit-mode="extension" owl="1">
		<xpath expr="//div[hasclass('buttons')]" position="after">
			<t t-if="env.pos.config.allow_a4_size_receipt">
				<div class="buttons">
					<div class="button print" t-on-click="print_a4_size_receipt">
						<i class="fa fa-print"/> Print A4 Size Receipt
					</div>
				</div>
			</t>
		</xpath>
	</t>
</templates>
