<?xml version="1.0" encoding="UTF-8"?>
<templates id="template" xml:space="preserve">
    <t t-name="PjDashboard">
        <div class="oh_dashboards" style="margin-top: 20px;">
            <div class="container-fluid o_pj_dashboard">
            </div>
        </div>
    </t>

    <t t-name="DashboardProject">
        <div class="row main-section" style="margin-left: 170px;">
            <div class="col-md-4 col-sm-6 tot_projects oh-payslip" >
                <div class="oh-card" style="width: 410px;">
                    <div class="oh-card-body">
                        <div class="stat-widget-one">
                            <div class="stat-icon" style="background:#e08048;"><i class="fa fa-puzzle-piece"/></div>
                            <div class="stat-content">
                                <div class="stat-head">Total Project</div>
                                <div class="stat_count"><t t-esc="widget.total_projects"/></div>
                            </div>
                        </div>
                    </div>
                </div>
            </div>

            <div class="col-md-4 col-sm-6 tot_emp oh-payslip">
                <div class="oh-card" style="width: 410px;">
                    <div class="oh-card-body">
                        <div class="stat-widget-one">
                            <div class="stat-icon" style="background:#645bd0"><i class="fa fa-user"/></div>
                            <div class="stat-content">
                                <div class="stat-head">Total Employees</div>
                                <div class="stat_count"><t t-esc="widget.total_employees"/></div>
                            </div>
                        </div>
                    </div>
                </div>
            </div>
            <div class="col-md-4 col-sm-6 tot_tasks oh-payslip">
                <div class="oh-card" style="width: 410px;">
                    <div class="oh-card-body">
                        <div class="stat-widget-one">
                            <div class="stat-icon" style="background:#85d05b"><i class="fa fa-tasks"/></div>
                                <div class="stat-content">
                                    <div class="stat-head">Total tasks</div>
                                    <div class="stat_count"><t t-esc="widget.total_tasks"/></div>
                                </div>
                        </div>
                    </div>
                </div>
            </div>
            <div class="col-md-4 col-sm-6 hr_recorded oh-payslip">
                <div class="oh-card" style="width: 410px;">
                    <div class="oh-card-body">
                        <div class="stat-widget-one">
                            <div class="stat-icon" style="background:#d05bb8"><i class="fa fa-clock-o"/></div>
                            <div class="stat-content">
                                <div class="stat-head">Hours Recorded</div>
                                <div class="stat_count"><t t-esc="widget.total_hours"/></div>
                            </div>
                        </div>
                    </div>
                </div>
            </div>

            <div class="col-md-4 col-sm-6 tot_profitability oh-payslip">
                <div class="oh-card" style="width: 410px;">
                    <div class="oh-card-body">
                        <div class="stat-widget-one">
                            <div class="stat-icon" style="background:#d0c35b"><i class="fa fa-dollar"/></div>
                            <div class="stat-content">
                                <div class="stat-head">Total Profitability</div>
                                <div class="stat_count"><t t-esc="widget.total_profitability"/></div>
                            </div>
                        </div>
                    </div>
                </div>
            </div>
            <div class="col-md-4 col-sm-6 tot_sale oh-payslip">
                <div class="oh-card" style="width: 410px;">
                    <div class="oh-card-body">
                        <div class="stat-widget-one">
                            <div class="stat-icon" style="background:#5b8ed0"><i class="fa fa-ticket"/></div>
                            <div class="stat-content">
                                <div class="stat-head">Total Sale Orders</div>
                                <div class="stat_count"><t t-esc="widget.total_sale_orders"/></div>
                            </div>
                        </div>
                    </div>
                </div>
            </div>
        </div>
    </t>

    <t t-name="DashboardChart">
        <div class="col-xs-12 col-sm-12 col-lg-12 col-md-12">
            <div class="row main-section">
                <div class="col-sm-7 col-lg-7">
                    <div class="graph_view" style="padding:0">
                        <div class="text-color hr-chart-1">
                            <div class="oh-card-body pb-0">
                                <h4 class="mb-0"/>
                                <p class="stat-head" style="padding : 0px;">ProjectTask Analysis</p>
                            </div>
                            <div class="emp_graph"/>
                        </div>
                    </div>
                </div>

                <div class="col-md-4 col-lg-4" style="top: 82px;right: -100px;">
                    <div class="hr_notification" style="background: #fff;transition: transform 0.2s ease, box-shadow 0.2s ease;will-change: transform, box-shadow;box-shadow: 0 10px 40px 0 rgba(62,57,107,0.07), 0 2px 9px 0 rgba(62,57,107,0.06);
                    height: 316px;overflow-y: auto;margin-bottom: 15px;">
                        <div class="hr_notification_head"
                             style="font-size: 17px;text-align: center;padding: 12px 0;color: #fff;font-weight: 300;background: #218a45a3;margin-bottom: 9px;">
                            ProjectTask Details
                        </div>
                        <div class="col-sm-12 col-lg-12" style="padding:0;">
                            <div class="text-color">
                                    <div class="media">
                                        <div class="media-body">
                                            <table class="table table-sm">
                                                <thead>
                                                    <tr>
                                                        <th rowspan="14">Project Name</th>
                                                        <th rowspan="14">Task Name</th>
                                                    </tr>
                                                </thead>
                                                <tbody>
                                                    <t t-foreach="widget.task_data" t-as="proj">
                                                        <tr>
                                                            <td>
                                                                <t t-esc="proj[1]"/>
                                                            </td>
                                                            <td>
                                                                <t t-esc="proj[0]"/>
                                                            </td>
                                                        </tr>
                                                    </t>
                                                </tbody>
                                            </table>
                                        </div>
                                    </div>
                            </div>
                        </div>
                    </div>
                </div>
            </div>
        </div>

        <div class="col-xs-12 col-sm-12 col-lg-12 col-md-12">
            <div class="row main-section">
                <div class="col-sm-7 col-lg-7">
                        <div class="selling_product_graph_view">
                            <div class="oh-card text-color">
                                <div class="oh-card-body pb-0">
                                    <h4 class="mb-0">
                                    </h4>
                                    <p class="stat-head" style="padding : 0px;">Timesheet Analysis</p>
                                </div>
                                <canvas class="top_selling_employees" width="200" height="120"/>
                            </div>
                        </div>
                </div>

                <div class="col-md-4 col-lg-4" style="top: 149px;right: -100px;">
                    <div class="hr_notification" style="background: #fff;transition: transform 0.2s ease, box-shadow 0.2s ease;will-change: transform, box-shadow;box-shadow: 0 10px 40px 0 rgba(62,57,107,0.07), 0 2px 9px 0 rgba(62,57,107,0.06);
                        height: 316px;overflow-y: auto;margin-bottom: 15px;">
                        <div class="hr_notification_head"
                             style="font-size: 17px;text-align: center;padding: 12px 0;color: #fff;font-weight: 300;background: #218a45a3;margin-bottom: 9px;">
                       Hours Recorded
                        </div>
                        <div class="col-sm-12 col-lg-12" style="padding:0;">
                            <div class="text-color">
                                <div class="">
                                    <div class="media">
                                        <div class="media-body">
                                            <table class="table table-sm">
                                                <thead>
                                                    <tr>
                                                        <th rowspan="14">Billed on Timesheet</th>
                                                    </tr>

                                                </thead>
                                                <tbody>
                                                    <t t-foreach="widget.hour_recorde" t-as="hour_recorde">
                                                        <tr>
                                                            <td>
                                                                <h2 class="text-color display-6" style="font-size: 15px;margin-left: 400px;margin-top: -30px;">
                                                                    <t t-esc="hour_recorde"/>
                                                                </h2>
                                                            </td>
                                                        </tr>
                                                    </t>
                                                </tbody>
                                            </table>
                                            <table class="table table-sm">
                                                <thead>
                                                    <tr>
                                                        <th rowspan="14">Billed at a Fixed price</th>
                                                    </tr>
                                                </thead>
                                                <tbody>
                                                     <t t-foreach="widget.billable_fix" t-as="billable_fix">
                                                        <tr>
                                                            <td>
                                                                <h2 class="text-color display-6" style="font-size: 15px;margin-left: 400px;margin-top: -30px;">
                                                                    <t t-esc="billable_fix"/>
                                                                </h2>
                                                            </td>
                                                        </tr>
                                                     </t>
                                                </tbody>
                                            </table>
                                            <table class="table table-sm">
                                                <thead>
                                                    <tr>
                                                        <th rowspan="14">No task found</th>
                                                    </tr>

                                                </thead>
                                                <tbody>
                                                     <t t-foreach="widget.hour_recorded" t-as="hour_recorded">
                                                        <tr>

                                                            <td>
                                                                <h2 class="text-color display-6" style="font-size: 15px;margin-left: 400px;margin-top: -30px;">

                                                                    <t t-esc="hour_recorded"/>
                                                                </h2>
                                                            </td>
                                                        </tr>
                                                    </t>
                                                </tbody>
                                            </table>
                                            <table class="table table-sm">
                                                <thead>
                                                    <tr>
                                                        <th rowspan="14">Non Billable Tasks</th>
                                                    </tr>

                                                </thead>
                                                <tbody>
                                                     <t t-foreach="widget.non_billable" t-as="non_billable">
                                                        <tr>

                                                            <td>
                                                                <h2 class="text-color display-6" style="font-size: 15px;margin-left: 400px;margin-top: -30px;">

                                                                    <t t-esc="non_billable"/>
                                                                </h2>
                                                            </td>
                                                        </tr>
                                                    </t>
                                                </tbody>
                                            </table>
                                        <table class="table table-sm">
                                            <thead>
                                                <tr>
                                                    <th rowspan="14" style="padding-left: 24.3rem;">Total:</th>
                                                </tr>

                                            </thead>
                                            <tbody>
                                                 <t t-foreach="widget.total_hr" t-as="total_hr">
                                                    <tr>

                                                        <td>
                                                            <h2 class="text-color display-6" style="font-size: 15px;margin-left: 400px;margin-top: -30px;">

                                                                <t t-esc="total_hr"/>
                                                            </h2>
                                                        </td>
                                                    </tr>
                                                </t>
                                            </tbody>
                                        </table>
                                    </div>
                                </div>
                            </div>
                        </div>
                    </div>
                </div>
            </div>
        </div>

        <div class="col-xs-12 col-sm-12 col-lg-12 col-md-12">
            <div class="row main-section">
                <div class="col-sm-7 col-lg-7">
                    <div class="row" style="margin:0px">
                        <div class="col-md-12"  id="col-graph">
                            <div class="card">
                                <div class="card-header">
                                    <div class="card-title">
                                        <b>
                                            <h3 class="custom-h3">Profitability</h3>
                                        </b>
                                    </div>
                                    <div class="card-tools">
                                        <select id="income_expense_values">
                                            <option id="income_this_year" value="income_this_year">This Year</option>
                                            <option id="income_this_month" value="income_this_month">This Month</option>
                                            <div role="separator" class="dropdown-divider" />
                                            <option id="income_last_year" value="income_this_year">Last Year</option>
                                        </select>
                                    </div>
                                </div>
                                <div class="card-body mt-3" id="in_ex_body_hide">
                                    <div class="row">
<!--                                        <div class="col-md-12">-->
                                            <p id="myelement1"> </p>
                                            <div class="chart">
<!--                                                <canvas id="canvas"> </canvas>-->
                                                <canvas id="canvas" width="300" height="200"> </canvas>
                                            </div>
<!--                                        </div>-->
                                    </div>
                                </div>
                            </div>
                        </div>
                    </div>
                </div>


            <div class="col-md-4 col-lg-4" style="top: 155px;right: -100px;">
                <div class="hr_notification" style="background: #fff;transition: transform 0.2s ease, box-shadow 0.2s ease;will-change: transform, box-shadow;box-shadow: 0 10px 40px 0 rgba(62,57,107,0.07), 0 2px 9px 0 rgba(62,57,107,0.06);
                    height: 316px;overflow-y: auto;margin-bottom: 15px;">
                    <div class="hr_notification_head"
                             style="font-size: 17px;text-align: center;padding: 12px 0;color: #fff;font-weight: 300;background:#218a45a3;;margin-bottom: 9px;">
                          Profitability
                    </div>
                    <div class="col-sm-12 col-lg-12" style="padding:0;">
                        <div class="text-color">
                            <div class="">
                                <div class="media">
                                    <div class="media-body">
                                        <table class="table table-sm">
                                            <thead>
                                                <tr>
                                                    <th rowspan="14">Invoiced</th>
                                                </tr>
                                            </thead>
                                            <tbody>
                                                <t t-foreach="widget.invoiced" t-as="invoiced">
                                                    <tr>
                                                        <td>
                                                            <h2 class="text-color display-6" style="font-size: 15px;margin-left: 400px;margin-top: -30px;">
                                                                <t t-esc="invoiced"/>
                                                            </h2>
                                                        </td>
                                                    </tr>
                                                </t>
                                            </tbody>
                                        </table>
                                        <table class="table table-sm">
                                            <thead>
                                                <tr>
                                                    <th rowspan="14">To Invoice</th>
                                                </tr>
                                            </thead>
                                            <tbody>
                                                 <t t-foreach="widget.to_invoice" t-as="to_invoice">
                                                    <tr>
                                                        <td>
                                                            <h2 class="text-color display-6" style="font-size: 15px;margin-left: 400px;margin-top: -30px;">

                                                                <t t-esc="to_invoice"/>
                                                            </h2>
                                                        </td>
                                                    </tr>
                                                </t>
                                            </tbody>
                                        </table>
                                         <table class="table table-sm">
                                            <thead>
                                                <tr>
                                                    <th rowspan="14">Timesheet costs</th>
                                                </tr>
                                            </thead>
                                            <tbody>
                                                 <t t-foreach="widget.time_cost" t-as="time_cost">
                                                    <tr>

                                                        <td>
                                                            <h2 class="text-color display-6" style="font-size: 15px;margin-left: 400px;margin-top: -30px;">

                                                                <t t-esc="time_cost"/>
                                                            </h2>
                                                        </td>
                                                    </tr>
                                                </t>
                                            </tbody>
                                        </table>
                                         <table class="table table-sm">
                                            <thead>
                                                <tr>
                                                    <th rowspan="14">Other costs</th>
                                                </tr>

                                            </thead>
                                            <tbody>
                                                 <t t-foreach="widget.expen_cost" t-as="expen_cost">
                                                    <tr>
                                                        <td>
                                                            <h2 class="text-color display-6" style="font-size: 15px;margin-left: 400px;margin-top: -30px;">

                                                                <t t-esc="expen_cost"/>
                                                            </h2>
                                                        </td>
                                                    </tr>
                                                </t>
                                            </tbody>
                                        </table>
                                         <table class="table table-sm">
                                            <thead>
                                                <tr>
                                                    <th rowspan="14" style="padding-left: 24.3rem;">Total:</th>
                                                </tr>
                                            </thead>
                                            <tbody>
                                                 <t t-foreach="widget.payment_details" t-as="payment_method">
                                                    <tr>

                                                        <td>
                                                            <h2 class="text-color display-6" style="font-size: 15px;margin-left: 400px;margin-top: -30px;">

                                                                <t t-esc="payment_method"/>
                                                            </h2>
                                                        </td>
                                                    </tr>
                                                </t>
                                            </tbody>
                                        </table>
                                    </div>
                                </div>
                            </div>
                        </div>
                    </div>
                </div>
            </div>
        </div>
        </div>
        </div>
    </t>
</templates>


