<?xml version="1.0" encoding="UTF-8"?>
<templates id="template" xml:space="preserve">

    
    <t t-name="ClientDetailsEditWhatsApp" t-inherit="point_of_sale.ClientDetailsEdit" t-inherit-mode="extension" owl="1">
        <xpath expr="//div[hasclass('client-details-right')]/div[hasclass('client-detail')]" position="after">            
             <div class="client-detail">
                 <span class="label">Whatsapp</span>
                 <input class="detail whatsapp" name="whatsapp" type="tel" 
                 		t-on-change="captureChange"
                        t-att-value="props.partner.whatsapp || ''" />
             </div>
        </xpath>
    </t>

</templates>
